handedness,HR,avg,players
B,32.1442307692,0.205048076923,104
L,56.1487341772,0.204512658228,316
R,42.5983717775,0.176620081411,737
